{
  "rollWidget": {
    "origin": "BOTTOM",
    "offset": {
      "f_82470_": 98.33332,
      "f_82471_": -31.666677
    }
  }
}